a,a
ab,ab
abandon,abandon
aber,aber
aboard,aboard
about,about
abov,abov
absolut,absolut
abus,abus
accept,accept
accus,accus
ace,ace
ach,ach
across,across
act,act
action,action
actual,actual
ad,ad
adam,adam
add,add
addict,addict
admit,admit
ador,ador
advanc,advanc
advic,advic
affair,affair
affect,affect
afford,afford
afraid,afraid
africa,africa
after,after
afternoon,afternoon
again,again
against,against
age,age
ago,ago
agre,agre
ah,ah
ahead,ahead
ahh,ahh
ahhh,ahhh
ahora,ahora
ai,ai
aim,aim
ain,ain
aint,aint
air,air
alarm,alarm
album,album
alcohol,alcohol
aliv,aliv
all,all
alley,alley
allow,allow
allá,allá
almighti,almighti
almost,almost
alon,alon
along,along
alreadi,alreadi
alright,alright
also,also
alter,alter
although,although
alway,alway
am,am
amaz,amaz
ambit,ambit
amen,amen
america,america
american,american
ami,ami
among,among
amor,amor
amour,amour
an,an
anchor,anchor
and,and
ander,ander
angel,angel
anger,anger
angri,angri
anguish,anguish
ani,ani
anna,anna
anoth,anoth
answer,answer
ant,ant
anybodi,anybodi
anyhow,anyhow
anymor,anymor
anyon,anyon
anyth,anyth
anytim,anytim
anyway,anyway
anywher,anywher
apart,apart
apolog,apolog
appl,appl
appreci,appreci
approach,approach
aquí,aquí
ar,ar
are,are
argu,argu
arm,arm
armi,armi
around,around
arrang,arrang
arriv,arriv
arrow,arrow
art,art
artist_y,artist_y
as,as
ascend,ascend
ash,ash
asham,asham
asid,asid
ask,ask
askin,askin
asleep,asleep
ass,ass
assum,assum
at,at
ate,ate
attack,attack
attempt,attempt
attent,attent
attitud,attitud
auf,auf
auto,auto
automat,automat
avec,avec
avenu,avenu
avoid,avoid
aw,aw
awak,awak
awaken,awaken
awar,awar
away,away
awhil,awhil
ay,ay
aye,aye
b,b
babe,babe
babi,babi
back,back
background,background
backward,backward
bad,bad
bag,bag
bail,bail
bake,bake
balanc,balanc
ball,ball
bam,bam
banana,banana
band,band
bang,bang
bank,bank
bar,bar
bare,bare
barrel,barrel
base,base
basement,basement
bass,bass
bath,bath
bathroom,bathroom
batter,batter
battl,battl
bay,bay
be,be
beach,beach
beam,beam
bean,bean
bear,bear
beast,beast
beat,beat
beaten,beaten
beauti,beauti
becaus,becaus
becom,becom
bed,bed
bedroom,bedroom
bee,bee
been,been
beer,beer
befor,befor
beg,beg
began,began
beggin,beggin
begin,begin
begun,begun
behav,behav
behind,behind
bein,bein
believ,believ
bell,bell
belong,belong
below,below
belt,belt
bend,bend
beneath,beneath
bent,bent
besid,besid
best,best
bet,bet
better,better
between,between
bewar,bewar
bibl,bibl
big,big
bigger,bigger
biggest,biggest
bike,bike
bill,bill
billi,billi
billion,billion
bin,bin
bird,bird
birth,birth
birthday,birthday
bist,bist
bit,bit
bitch,bitch
bite,bite
bitter,bitter
black,black
blade,blade
blah,blah
blame,blame
blank,blank
blanket,blanket
blast,blast
blaze,blaze
bleed,bleed
bless,bless
blew,blew
blind,blind
blink,blink
block,block
blond,blond
blood,blood
bloom,bloom
blow,blow
blowin,blowin
blown,blown
blue,blue
bluebird,bluebird
blunt,blunt
blur,blur
bo,bo
board,board
boat,boat
bob,bob
bobbi,bobbi
boca,boca
bodi,bodi
boil,boil
bold,bold
bomb,bomb
bon,bon
bone,bone
bonni,bonni
boo,boo
boogi,boogi
book,book
boom,boom
boot,boot
booti,booti
bop,bop
border,border
bore,bore
born,born
borrow,borrow
boss,boss
both,both
bother,bother
bottl,bottl
bottom,bottom
bought,bought
bounc,bounc
bound,bound
bout,bout
bow,bow
bowl,bowl
box,box
boy,boy
boyfriend,boyfriend
brain,brain
brake,brake
brand,brand
brave,brave
bread,bread
break,break
breakdown,breakdown
breakin,breakin
breath,breath
breez,breez
brick,brick
bride,bride
bridg,bridg
bright,bright
bring,bring
broke,broke
broken,broken
brother,brother
brought,brought
brown,brown
bruis,bruis
brush,brush
bubbl,bubbl
buck,buck
bucket,bucket
buddi,buddi
bug,bug
build,build
built,built
bull,bull
bullet,bullet
bullshit,bullshit
bum,bum
bump,bump
bunch,bunch
burden,burden
buri,buri
burn,burn
burnin,burnin
burnt,burnt
bus,bus
busi,busi
bust,bust
but,but
butt,butt
butterfli,butterfli
button,button
buy,buy
buzz,buzz
by,by
bye,bye
c,c
ca,ca
cadillac,cadillac
cafe,cafe
cake,cake
california,california
call,call
callin,callin
calm,calm
cambiar,cambiar
came,came
camera,camera
camino,camino
can,can
candi,candi
candl,candl
cannot,cannot
cant,cant
can’t,can’t
cap,cap
captain,captain
captur,captur
car,car
card,card
care,care
carol,carol
carri,carri
case,case
cash,cash
cast,cast
castl,castl
cat,cat
catch,catch
caught,caught
caus,caus
cave,cave
cd,cd
ceil,ceil
celebr,celebr
cell,cell
cent,cent
centuri,centuri
certain,certain
cest,cest
cha,cha
chain,chain
chair,chair
challeng,challeng
champagn,champagn
champion,champion
chanc,chanc
chang,chang
channel,channel
charg,charg
charli,charli
charm,charm
chase,chase
chat,chat
cheap,cheap
cheat,cheat
check,check
cheek,cheek
cheer,cheer
chees,chees
cherish,cherish
cherri,cherri
chest,chest
chicago,chicago
chick,chick
chicken,chicken
child,child
children,children
chill,chill
china,china
chip,chip
chocol,chocol
choic,choic
choos,choos
chop,chop
chorus,chorus
chose,chose
chosen,chosen
christ,christ
christian,christian
christma,christma
chrome,chrome
church,church
cielo,cielo
cigarett,cigarett
circl,circl
circumst,circumst
citi,citi
claim,claim
clap,clap
class,class
claus,claus
claw,claw
clay,clay
clean,clean
clear,clear
clever,clever
click,click
climb,climb
cling,cling
clip,clip
clock,clock
close,close
closer,closer
closet,closet
cloth,cloth
cloud,cloud
clown,clown
club,club
clue,clue
cmon,cmon
coast,coast
coat,coat
cock,cock
code,code
coffe,coffe
coin,coin
coke,coke
cold,cold
colder,colder
collar,collar
collect,collect
colleg,colleg
collid,collid
color,color
colour,colour
com,com
comb,comb
combin,combin
come,come
comfort,comfort
comin,comin
command,command
common,common
como,como
compani,compani
compar,compar
complain,complain
complet,complet
complic,complic
comprehend,comprehend
comput,comput
con,con
concentr,concentr
concern,concern
concret,concret
confess,confess
confid,confid
confus,confus
connect,connect
conquer,conquer
consequ,consequ
constant,constant
consum,consum
contact,contact
contain,contain
content,content
continu,continu
control,control
convers,convers
convinc,convinc
cook,cook
cool,cool
cop,cop
cope,cope
corazón,corazón
corn,corn
corner,corner
corp,corp
cos,cos
cosa,cosa
cost,cost
cotton,cotton
couch,couch
cough,cough
could,could
count,count
counti,counti
countri,countri
coup,coup
coupl,coupl
courag,courag
cours,cours
court,court
cousin,cousin
cover,cover
cow,cow
coward,coward
cowboy,cowboy
coz,coz
crack,crack
cradl,cradl
crash,crash
crave,crave
crawl,crawl
crazi,crazi
cream,cream
creat,creat
creep,creep
crew,crew
cri,cri
crime,crime
crippl,crippl
crook,crook
cross,cross
crow,crow
crowd,crowd
crown,crown
cruel,cruel
cruis,cruis
crumbl,crumbl
crush,crush
cryin,cryin
cuando,cuando
cuatro,cuatro
cultur,cultur
cup,cup
cure,cure
curl,curl
current,current
curs,curs
curtain,curtain
curv,curv
cut,cut
cute,cute
cuz,cuz
d,d
da,da
dad,dad
daddi,daddi
daili,daili
dale,dale
dam,dam
dame,dame
damn,damn
danc,danc
dancer,dancer
dancin,dancin
danger,danger
dare,dare
dark,dark
darken,darken
darkest,darkest
darl,darl
darlin,darlin
das,das
dash,dash
dass,dass
dat,dat
date_y,date_y
daughter,daughter
dawn,dawn
day,day
daylight,daylight
daze,daze
de,de
dead,dead
deaf,deaf
deal,deal
dear,dear
death,death
debt,debt
decid,decid
deck,deck
dee,dee
deed,deed
deep,deep
deeper,deeper
defeat,defeat
defend,defend
defin,defin
definit,definit
degre,degre
dein,dein
del,del
deliv,deliv
dem,dem
demand,demand
demasiado,demasiado
demon,demon
den,den
deni,deni
denn,denn
depend,depend
depress,depress
der,der
describ,describ
desert,desert
deserv,deserv
desir,desir
desper,desper
despit,despit
destin,destin
destini,destini
destroy,destroy
devast,devast
devil,devil
devot,devot
dew,dew
di,di
dial,dial
diamond,diamond
dice,dice
dich,dich
dick,dick
did,did
die,die
dies,dies
differ,differ
dig,dig
digit,digit
dim,dim
dime,dime
ding,ding
dinner,dinner
dip,dip
direct,direct
dirt,dirt
dirti,dirti
disagre,disagre
disappear,disappear
disappoint,disappoint
discov,discov
diseas,diseas
disguis,disguis
dish,dish
display,display
dissolv,dissolv
distanc,distanc
distant,distant
disturb,disturb
divid,divid
divin,divin
dj,dj
do,do
doctor,doctor
doe,doe
dog,dog
doin,doin
doll,doll
dollar,dollar
dom,dom
don,don
done,done
dong,dong
dont,dont
don´t,don´t
don’t,don’t
doo,doo
door,door
dope,dope
dos,dos
dot,dot
doubl,doubl
doubt,doubt
dough,dough
dove,dove
down,down
downtown,downtown
dr,dr
drag,drag
drain,drain
drama,drama
drank,drank
draw,draw
drawn,drawn
dread,dread
dream,dream
dreamer,dreamer
dreamin,dreamin
dress,dress
drew,drew
dri,dri
drift,drift
drink,drink
drinkin,drinkin
drive,drive
driven,driven
driver,driver
drivin,drivin
drop,drop
drove,drove
drown,drown
drug,drug
drum,drum
drunk,drunk
du,du
dub,dub
duck,duck
dude,dude
due,due
dull,dull
dumb,dumb
dun,dun
dusk,dusk
dust,dust
dusti,dusti
dynamit,dynamit
día,día
e,e
each,each
ear,ear
earli,earli
earn,earn
earth,earth
eas,eas
easi,easi
easier,easier
east,east
eat,eat
echo,echo
ecstasi,ecstasi
edg,edg
educ,educ
effect,effect
effort,effort
egg,egg
ego,ego
eh,eh
eight,eight
ein,ein
either,either
el,el
elev,elev
ella,ella
els,els
elvi,elvi
em,em
embrac,embrac
emot,emot
empti,empti
en,en
encontrar,encontrar
end,end
endless,endless
enemi,enemi
energi,energi
engin,engin
enjoy,enjoy
enough,enough
envi,envi
equal,equal
er,er
eras,eras
ere,ere
es,es
escap,escap
eso,eso
especi,especi
espera,espera
essenc,essenc
est,est
estamo,estamo
estoy,estoy
está,está
eve,eve
even,even
eventu,eventu
ever,ever
everi,everi
everybodi,everybodi
everyday,everyday
everyon,everyon
everyth,everyth
everytim,everytim
everywher,everywher
evid,evid
exact,exact
except,except
excit,excit
excus,excus
expect,expect
explain,explain
explod,explod
expos,expos
express,express
extra,extra
extrem,extrem
eye,eye
f,f
fa,fa
face,face
fact,fact
fade,fade
fai,fai
fail,fail
failur,failur
fair,fair
fairi,fairi
faith,faith
fake,fake
fall,fall
fallen,fallen
fallin,fallin
fals,fals
fame,fame
famili,famili
familiar,familiar
famous,famous
fan,fan
fantasi,fantasi
far,far
fare,fare
farm,farm
fascin,fascin
fashion,fashion
fast,fast
faster,faster
fat,fat
fate,fate
father,father
fault,fault
favorit,favorit
fear,fear
fearless,fearless
feast,feast
feat,feat
feather,feather
fed,fed
feel,feel
feelin,feelin
feet,feet
fell,fell
fella,fella
fellow,fellow
felt,felt
fenc,fenc
few,few
fi,fi
fiddl,fiddl
field,field
fifteen,fifteen
fifti,fifti
fight,fight
fighter,fighter
figur,figur
file,file
fill,fill
fin,fin
final,final
find,find
fine,fine
finest,finest
finger,finger
fingertip,fingertip
finish,finish
fire,fire
first,first
fish,fish
fist,fist
fit,fit
five,five
fix,fix
flag,flag
flame,flame
flash,flash
flat,flat
flavor,flavor
flesh,flesh
flew,flew
fli,fli
flight,flight
flip,flip
flirt,flirt
float,float
flock,flock
flood,flood
floor,floor
flow,flow
flower,flower
flyin,flyin
fo,fo
focus,focus
fog,fog
fold,fold
folk,folk
follow,follow
food,food
fool,fool
foolish,foolish
foot,foot
for,for
fore,fore
foreign,foreign
forev,forev
forget,forget
forgiv,forgiv
forgot,forgot
forgotten,forgotten
form,form
forma,forma
forth,forth
forti,forti
fortun,fortun
forward,forward
fought,fought
found,found
foundat,foundat
four,four
fragil,fragil
frame,frame
franc,franc
freak,freak
free,free
freedom,freedom
freeway,freeway
frei,frei
french,french
fresh,fresh
fri,fri
friday,friday
friend,friend
frighten,frighten
from,from
front,front
frown,frown
frozen,frozen
fruit,fruit
frustrat,frustrat
fuck,fuck
fuckin,fuckin
fue,fue
fuego,fuego
fulfil,fulfil
full,full
fun,fun
funni,funni
further,further
fuse,fuse
fuss,fuss
futur,futur
für,für
g,g
gain,gain
gal,gal
game,game
gang,gang
gangsta,gangsta
garden,garden
gas,gas
gate,gate
gather,gather
gave,gave
gay,gay
gaze,gaze
gear,gear
gee,gee
generat,generat
gentl,gentl
gentlemen,gentlemen
georg,georg
georgia,georgia
gesicht,gesicht
get,get
gettin,gettin
ghetto,ghetto
ghost,ghost
gi,gi
gibt,gibt
gift,gift
gimm,gimm
gin,gin
girl,girl
girlfriend,girlfriend
give,give
given,given
givin,givin
glad,glad
glanc,glanc
glass,glass
gleam,gleam
glimps,glimps
glisten,glisten
glori,glori
glove,glove
glow,glow
glue,glue
glück,glück
go,go
goal,goal
god,god
goddamn,goddamn
goe,goe
goin,goin
gold,gold
golden,golden
gon,gon
gone,gone
gonna,gonna
good,good
goodby,goodby
got,got
gotta,gotta
govern,govern
gown,gown
grab,grab
grace,grace
gracia,gracia
grade,grade
grain,grain
gran,gran
grand,grand
grant,grant
grass,grass
grave,grave
graveyard,graveyard
graviti,graviti
gray,gray
great,great
greater,greater
greatest,greatest
green,green
greet,greet
grew,grew
grey,grey
griev,griev
grin,grin
grind,grind
grip,grip
ground,ground
group,group
grow,grow
grown,grown
guarante,guarante
guard,guard
guess,guess
guid,guid
guilt,guilt
guitar,guitar
gun,gun
gut,gut
gutter,gutter
guy,guy
gypsi,gypsi
h,h
ha,ha
hab,hab
habit,habit
habla,habla
hacer,hacer
had,had
hah,hah
hail,hail
hair,hair
half,half
halfway,halfway
hall,hall
hallelujah,hallelujah
halo,halo
hammer,hammer
hand,hand
handl,handl
handsom,handsom
hang,hang
hangin,hangin
happen,happen
happi,happi
har,har
hard,hard
hardcor,hardcor
harder,harder
hardest,hardest
harm,harm
harmoni,harmoni
harvest,harvest
has,has
hasta,hasta
hat,hat
hate,hate
hater,hater
haunt,haunt
haut,haut
have,have
havin,havin
hay,hay
haze,haze
he,he
head,head
heal,heal
health,health
hear,hear
heard,heard
heart,heart
heartbeat,heartbeat
heartbreak,heartbreak
heat,heat
heaven,heaven
heavi,heavi
heed,heed
heel,heel
height,height
held,held
hell,hell
hello,hello
help,help
her,her
here,here
hero,hero
herself,herself
hesit,hesit
heut,heut
hey,hey
hi,hi
hid,hid
hide,hide
hier,hier
high,high
higher,higher
highest,highest
highway,highway
hill,hill
him,him
himself,himself
hip,hip
hiphop,hiphop
his,his
histori,histori
hit,hit
hizo,hizo
hmm,hmm
hoe,hoe
hold,hold
holdin,holdin
hole,hole
holi,holi
holiday,holiday
holla,holla
holler,holler
hollywood,hollywood
home,home
homi,homi
honest,honest
honey,honey
honki,honki
honor,honor
hoo,hoo
hood,hood
hook,hook
hop,hop
hope,hope
hopeless,hopeless
hopin,hopin
horizon,horizon
horn,horn
hors,hors
host,host
hot,hot
hotel,hotel
hound,hound
hour,hour
hous,hous
how,how
howl,howl
hoy,hoy
hug,hug
huh,huh
hum,hum
human,human
humbl,humbl
hundr,hundr
hung,hung
hunger,hunger
hungri,hungri
hunt,hunt
hurri,hurri
hurrican,hurrican
hurt,hurt
hush,hush
hustl,hustl
hypnot,hypnot
i,i
ice,ice
ich,ich
ici,ici
id,id
idea,idea
ident,ident
idiot,idiot
idl,idl
idol,idol
if,if
ignor,ignor
ii,ii
ill,ill
im,im
ima,ima
imag,imag
imagin,imagin
imma,imma
immer,immer
import,import
impress,impress
in,in
inch,inch
independ,independ
indian,indian
inform,inform
inn,inn
inna,inna
innoc,innoc
insan,insan
insect,insect
insid,insid
inspir,inspir
instant,instant
instead,instead
instrument,instrument
interest,interest
intern,intern
into,into
intox,intox
intro,intro
invit,invit
is,is
island,island
issu,issu
ist,ist
it,it
itch,itch
itself,itself
it’,it’
i´m,i´m
iâ,iâ
i’ll,i’ll
i’m,i’m
j,j
ja,ja
jack,jack
jacket,jacket
jackson,jackson
jade,jade
jag,jag
jail,jail
jamai,jamai
jamaica,jamaica
jame,jame
jane,jane
jar,jar
jaw,jaw
jazz,jazz
je,je
jealous,jealous
jealousi,jealousi
jean,jean
jede,jede
jerk,jerk
jesus,jesus
jet,jet
jewel,jewel
jimmi,jimmi
jingl,jingl
jo,jo
job,job
joe,joe
john,john
join,join
joint,joint
joke,joke
joli,joli
jone,jone
joy,joy
judg,judg
judgment,judgment
jugar,jugar
juic,juic
jukebox,jukebox
juli,juli
jump,jump
jumpin,jumpin
june,june
jungl,jungl
junk,junk
junki,junki
junto,junto
just,just
k,k
kan,kan
kann,kann
kannst,kannst
keep,keep
keepin,keepin
kept,kept
key,key
kick,kick
kickin,kickin
kid,kid
kill,kill
killer,killer
killin,killin
kind,kind
kinda,kinda
king,king
kiss,kiss
kissin,kissin
kitchen,kitchen
knee,knee
knew,knew
knife,knife
knock,knock
knockin,knockin
knot,knot
know,know
knowin,knowin
knowledg,knowledg
known,known
komm,komm
l,l
la,la
label,label
lack,lack
ladder,ladder
ladi,ladi
lado,lado
laid,laid
lake,lake
lala,lala
lalala,lalala
lame,lame
land,land
lane,lane
languag,languag
lap,lap
las,las
last,last
late,late
later,later
latest,latest
laugh,laugh
laughter,laughter
law,law
lawn,lawn
lay,lay
layin,layin
lazi,lazi
lead,lead
leader,leader
leaf,leaf
leak,leak
lean,lean
leap,leap
learn,learn
least,least
leather,leather
leav,leav
leavin,leavin
leben,leben
led,led
lee,lee
leer,leer
left,left
leg,leg
legal,legal
les,les
less,less
lesson,lesson
let,let
letra,letra
letter,letter
level,level
liar,liar
licht,licht
lick,lick
lie,lie
life,life
lifetim,lifetim
lift,lift
light,light
lightn,lightn
like,like
lil,lil
limit,limit
line,line
linger,linger
lion,lion
lip,lip
lipstick,lipstick
liquor,liquor
list,list
listen,listen
lit,lit
littl,littl
live,live
livin,livin
ll,ll
lo,lo
load,load
local,local
lock,lock
london,london
lone,lone
loneli,loneli
lonesom,lonesom
long,long
longer,longer
look,look
lookin,lookin
loos,loos
lord,lord
los,los
lose,lose
losin,losin
loss,loss
lost,lost
lot,lot
lotta,lotta
loud,loud
louder,louder
love,love
lover,lover
lovin,lovin
low,low
lower,lower
luck,luck
lucki,lucki
lui,lui
lullabi,lullabi
lunch,lunch
lung,lung
lust,lust
luz,luz
lyin,lyin
lyric,lyric
m,m
ma,ma
machin,machin
mad,mad
made,made
madrugada,madrugada
magazin,magazin
magic,magic
maid,maid
mail,mail
main,main
major,major
make,make
maker,maker
makeup,makeup
makin,makin
mal,mal
mall,mall
mama,mama
mami,mami
mamma,mamma
man,man
manag,manag
manera,manera
mani,mani
map,map
march,march
mari,mari
mark,mark
market,market
marri,marri
match,match
materi,materi
matter,matter
may,may
mayb,mayb
maze,maze
me,me
meadow,meadow
meal,meal
mean,mean
meant,meant
measur,measur
medic,medic
medicin,medicin
meet,meet
mehr,mehr
mein,mein
mek,mek
melodi,melodi
melt,melt
memori,memori
memphi,memphi
men,men
mend,mend
mental,mental
mention,mention
merci,merci
merri,merri
mess,mess
messag,messag
messin,messin
met,met
mexico,mexico
mi,mi
mia,mia
mic,mic
mich,mich
michael,michael
microphon,microphon
middl,middl
midnight,midnight
might,might
mighti,mighti
mike,mike
mile,mile
milk,milk
million,million
mind,mind
mine,mine
minut,minut
mir,mir
miracl,miracl
mirror,mirror
miseri,miseri
miss,miss
missin,missin
mission,mission
mississippi,mississippi
mistak,mistak
mistaken,mistaken
mister,mister
misti,misti
misunderstood,misunderstood
mit,mit
mix,mix
mm,mm
mmm,mmm
mmmm,mmmm
mo,mo
moan,moan
model,model
mom,mom
moment,moment
momma,momma
mommi,mommi
monday,monday
money,money
monkey,monkey
monster,monster
mont,mont
month,month
mood,mood
moon,moon
moonlight,moonlight
more,more
morn,morn
mornin,mornin
most,most
mother,mother
motherfuck,motherfuck
motherfuckin,motherfuckin
motor,motor
mountain,mountain
mourn,mourn
mouth,mouth
move,move
movi,movi
movin,movin
mr,mr
much,much
mucho,mucho
mud,mud
murder,murder
muscl,muscl
music,music
must,must
my,my
myself,myself
mysteri,mysteri
más,más
n,n
na,na
nacht,nacht
nada,nada
nah,nah
nail,nail
nake,nake
name,name
nasti,nasti
nation,nation
naughti,naughti
near,near
neck,neck
need,need
negro,negro
neighbor,neighbor
neighborhood,neighborhood
neither,neither
nena,nena
neon,neon
nerv,nerv
nervous,nervous
never,never
new,new
news,news
next,next
ni,ni
nice,nice
nicht,nicht
nie,nie
nigga,nigga
niggaz,niggaz
night,night
nightmar,nightmar
nine,nine
no,no
nobodi,nobodi
noch,noch
nois,nois
none,none
noon,noon
normal,normal
north,north
nos,nos
nose,nose
not,not
note,note
noth,noth
nothin,nothin
notic,notic
notion,notion
now,now
nowher,nowher
nuestro,nuestro
nuevo,nuevo
nuh,nuh
num,num
number,number
nunca,nunca
nur,nur
o,o
obscen,obscen
obsess,obsess
obvious,obvious
ocean,ocean
oclock,oclock
odd,odd
of,of
off,off
offer,offer
offic,offic
often,often
oh,oh
ohh,ohh
ohhh,ohhh
ohhhh,ohhhh
ohoh,ohoh
oil,oil
ojo,ojo
ok,ok
okay,okay
ol,ol
old,old
older,older
on,on
onc,onc
one,one
onli,onli
onto,onto
ooh,ooh
ooo,ooo
oooh,oooh
oooo,oooo
ooooh,ooooh
open,open
opinion,opinion
opportun,opportun
or,or
ordinari,ordinari
other,other
ought,ought
oughta,oughta
our,our
ourselv,ourselv
out,out
outro,outro
outsid,outsid
outta,outta
over,over
overcom,overcom
ow,ow
own,own
p,p
pa,pa
pace,pace
pack,pack
page,page
paid,paid
pain,pain
paint,paint
pair,pair
pal,pal
palabra,palabra
palac,palac
pale,pale
pan,pan
panic,panic
pant,pant
papa,papa
paper,paper
para,para
parad,parad
paradis,paradis
paralyz,paralyz
pardon,pardon
pari,pari
park,park
part,part
parti,parti
partner,partner
pas,pas
pasa,pasa
pass,pass
passion,passion
past,past
path,path
patient,patient
pattern,pattern
paul,paul
pave,pave
pay,pay
peac,peac
peak,peak
pearl,pearl
pen,pen
penni,penni
peopl,peopl
perdido,perdido
perfect,perfect
perform,perform
perfum,perfum
perhap,perhap
pero,pero
person,person
pet,pet
peter,peter
phantom,phantom
phone,phone
photo,photo
photograph,photograph
physic,physic
piano,piano
pick,pick
pictur,pictur
pie,pie
piec,piec
pierc,pierc
pig,pig
pile,pile
pill,pill
pillow,pillow
pimp,pimp
pin,pin
pine,pine
pink,pink
pipe,pipe
pistol,pistol
pit,pit
pitch,pitch
place,place
plain,plain
plan,plan
plane,plane
planet,planet
plant,plant
plastic,plastic
plate,plate
play,play
playa,playa
player,player
playin,playin
plea,plea
plead,plead
pleas,pleas
pleasur,pleasur
plein,plein
plenti,plenti
plug,plug
plus,plus
po,po
pocket,pocket
poet,poet
poetri,poetri
point,point
poison,poison
pole,pole
polic,polic
polit,polit
pollut,pollut
pon,pon
pool,pool
poor,poor
pop,pop
por,por
porch,porch
porqu,porqu
pose,pose
posit,posit
possess,possess
possibl,possibl
post,post
pound,pound
pour,pour
power,power
pray,pray
prayer,prayer
preacher,preacher
precious,precious
prefer,prefer
prepar,prepar
presenc,presenc
present,present
presid,presid
press,press
pressur,pressur
pretend,pretend
pretti,pretti
price,price
pride,pride
princ,princ
princess,princess
print,print
prison,prison
pro,pro
probabl,probabl
problem,problem
produc,produc
product,product
project,project
promis,promis
proud,proud
prove,prove
psycho,psycho
pued,pued
pull,pull
pump,pump
punch,punch
punish,punish
punk,punk
pure,pure
purpl,purpl
push,push
pushin,pushin
pussi,pussi
put,put
puttin,puttin
q,q
quarter,quarter
que,que
queen,queen
quest,quest
question,question
quick,quick
quier,quier
quiet,quiet
quit,quit
qué,qué
r,r
race,race
radio,radio
rag,rag
rage,rage
railroad,railroad
rain,rain
rainbow,rainbow
raindrop,raindrop
raini,raini
rais,rais
ran,ran
rang,rang
rap,rap
rapper,rapper
rare,rare
rat,rat
rather,rather
rattl,rattl
ray,ray
razor,razor
re,re
reach,reach
reaction,reaction
read,read
readi,readi
real,real
realiti,realiti
realiz,realiz
realli,realli
reason,reason
rebel,rebel
receiv,receiv
reckless,reckless
recogn,recogn
record,record
red,red
reel,reel
reflect,reflect
refrain,refrain
refus,refus
regard,regard
regret,regret
reign,reign
rein,rein
rejoic,rejoic
relax,relax
releas,releas
reli,reli
relief,relief
remain,remain
remedi,remedi
rememb,rememb
remind,remind
remors,remors
remov,remov
rent,rent
repeat,repeat
replac,replac
repli,repli
repres,repres
reput,reput
request,request
rescu,rescu
resist,resist
respect,respect
respons,respons
rest,rest
return,return
reveal,reveal
reveng,reveng
revers,revers
revolut,revolut
revolv,revolv
rewind,rewind
rhyme,rhyme
rhythm,rhythm
ribbon,ribbon
rich,rich
rid,rid
ride,ride
rider,rider
ridin,ridin
right,right
ring,ring
rio,rio
riot,riot
rip,rip
rise,rise
risk,risk
river,river
road,road
roam,roam
rob,rob
rock,rock
rocket,rocket
rocki,rocki
rockin,rockin
rode,rode
roll,roll
roller,roller
rollin,rollin
roof,roof
room,room
rope,rope
rose,rose
rot,rot
rough,rough
round,round
rout,rout
routin,routin
row,row
rub,rub
rubber,rubber
rubi,rubi
rude,rude
rug,rug
ruin,ruin
rule,rule
rumbl,rumbl
rumor,rumor
run,run
runaway,runaway
runnin,runnin
rush,rush
rust,rust
s,s
sacrific,sacrific
sad,sad
safe,safe
safeti,safeti
said,said
sail,sail
sailor,sailor
saint,saint
sake,sake
sale,sale
sam,sam
same,same
san,san
sand,sand
sane,sane
sang,sang
saniti,saniti
santa,santa
sat,sat
satellit,satellit
satisfact,satisfact
satisfi,satisfi
saturday,saturday
save,save
savior,savior
saw,saw
say,say
sayin,sayin
scale,scale
scar,scar
scare,scare
scari,scari
scene,scene
scheme,scheme
school,school
score,score
scratch,scratch
scream,scream
screamin,screamin
screen,screen
screw,screw
se,se
sea,sea
seam,seam
search,search
searchin,searchin
season,season
seat,seat
second,second
secret,secret
secur,secur
see,see
seed,seed
seein,seein
seek,seek
seem,seem
seen,seen
sehen,sehen
sein,sein
self,self
selfish,selfish
sell,sell
sen,sen
send,send
sens,sens
sensat,sensat
sent,sent
sentenc,sentenc
sentir,sentir
separ,separ
septemb,septemb
ser,ser
serious,serious
serv,serv
servic,servic
set,set
settl,settl
seven,seven
seventeen,seventeen
seventh,seventh
sew,sew
sex,sex
sexi,sexi
shade,shade
shadow,shadow
shake,shake
shakin,shakin
shall,shall
shame,shame
share,share
shatter,shatter
she,she
shed,shed
sheet,sheet
shelf,shelf
shell,shell
shelter,shelter
shes,shes
shi,shi
shift,shift
shine,shine
shini,shini
shinin,shinin
ship,ship
shirt,shirt
shit,shit
shoe,shoe
shook,shook
shoot,shoot
shop,shop
shore,shore
short,short
shorti,shorti
shot,shot
shotgun,shotgun
should,should
shoulda,shoulda
shoulder,shoulder
shout,shout
show,show
shower,shower
shut,shut
si,si
sich,sich
sick,sick
side,side
sigh,sigh
sight,sight
sign,sign
signal,signal
silenc,silenc
silent,silent
silli,silli
silver,silver
simpl,simpl
simpli,simpli
sin,sin
sinc,sinc
sing,sing
singer,singer
singin,singin
singl,singl
sink,sink
sinner,sinner
sip,sip
sir,sir
siren,siren
sister,sister
sit,sit
sittin,sittin
situat,situat
six,six
size,size
skin,skin
skinni,skinni
skip,skip
skirt,skirt
skull,skull
sky,sky
slam,slam
slap,slap
slave,slave
sleep,sleep
sleepless,sleepless
sleigh,sleigh
slept,slept
slick,slick
slide,slide
slip,slip
slippin,slippin
slow,slow
slowli,slowli
slumber,slumber
slut,slut
smack,smack
small,small
smart,smart
smash,smash
smell,smell
smile,smile
smoke,smoke
smokin,smokin
smooth,smooth
snake,snake
snap,snap
sneak,sneak
snow,snow
so,so
soak,soak
soar,soar
sober,sober
societi,societi
sock,sock
soft,soft
sol,sol
sold,sold
soldier,soldier
solo,solo
solut,solut
solv,solv
sombra,sombra
some,some
somebodi,somebodi
someday,someday
somehow,somehow
someon,someon
someth,someth
somethin,somethin
sometim,sometim
somewher,somewher
son,son
song,song
soon,soon
sooner,sooner
sore,sore
sorri,sorri
sorrow,sorrow
sort,sort
sos,sos
soul,soul
sound,sound
sour,sour
sourc,sourc
south,south
southern,southern
soy,soy
space,space
spanish,spanish
spare,spare
spark,spark
speak,speak
special,special
speech,speech
speed,speed
spell,spell
spend,spend
spent,spent
spin,spin
spinnin,spinnin
spirit,spirit
spit,spit
spite,spite
split,split
spoke,spoke
spoken,spoken
sport,sport
spot,spot
spotlight,spotlight
spray,spray
spread,spread
spring,spring
squad,squad
squar,squar
squeez,squeez
st,st
stack,stack
stage,stage
stain,stain
stair,stair
stake,stake
stall,stall
stand,stand
standin,standin
star,star
stare,stare
start,start
starv,starv
state,state
static,static
stay,stay
steadi,steadi
steal,steal
steam,steam
steel,steel
step,step
stereo,stereo
stick,stick
still,still
sting,sting
stir,stir
stole,stole
stolen,stolen
stomach,stomach
stomp,stomp
stone,stone
stood,stood
stop,stop
store,store
stori,stori
storm,storm
stormi,stormi
straight,straight
strang,strang
strap,strap
stray,stray
stream,stream
street,street
strength,strength
stress,stress
stretch,stretch
strike,strike
string,string
strip,strip
strive,strive
stroke,stroke
stroll,stroll
strong,strong
stronger,stronger
struck,struck
struggl,struggl
strung,strung
stuck,stuck
studi,studi
stuff,stuff
stumbl,stumbl
stupid,stupid
style,style
su,su
succeed,succeed
success,success
such,such
suck,suck
sucker,sucker
sudden,sudden
sue,sue
suffer,suffer
suffoc,suffoc
sugar,sugar
sui,sui
suicid,suicid
suit,suit
sum,sum
summer,summer
summertim,summertim
sun,sun
sunday,sunday
sung,sung
sunlight,sunlight
sunni,sunni
sunris,sunris
sunset,sunset
sunshin,sunshin
super,super
superman,superman
superstar,superstar
suppli,suppli
suppos,suppos
sure,sure
surf,surf
surfac,surfac
surpris,surpris
surrend,surrend
surround,surround
surviv,surviv
swallow,swallow
sway,sway
swear,swear
sweat,sweat
sweep,sweep
sweet,sweet
sweeter,sweeter
sweetest,sweetest
sweetheart,sweetheart
swell,swell
swift,swift
swim,swim
swing,swing
switch,switch
swore,swore
sympathi,sympathi
symphoni,symphoni
system,system
sé,sé
sólo,sólo
t,t
ta,ta
tabl,tabl
tag,tag
take,take
taken,taken
takin,takin
tale,tale
talk,talk
talkin,talkin
tall,tall
tan,tan
tangl,tangl
tank,tank
tap,tap
tard,tard
tast,tast
tattoo,tattoo
taught,taught
tax,tax
te,te
tea,tea
teach,teach
teacher,teacher
team,team
tear,tear
teardrop,teardrop
teen,teen
teenag,teenag
teeth,teeth
telephon,telephon
televis,televis
tell,tell
tellin,tellin
temperatur,temperatur
templ,templ
temptat,temptat
ten,ten
tend,tend
tennesse,tennesse
tension,tension
term,term
terror,terror
tes,tes
test,test
texa,texa
tha,tha
than,than
thang,thang
thank,thank
that,that
the,the
their,their
them,them
then,then
there,there
there’,there’
these,these
they,they
thick,thick
thief,thief
thigh,thigh
thin,thin
thing,thing
think,think
thinkin,thinkin
third,third
this,this
those,those
thou,thou
though,though
thought,thought
thousand,thousand
thread,thread
three,three
threw,threw
thrill,thrill
throat,throat
throne,throne
through,through
throw,throw
thrown,thrown
thru,thru
thug,thug
thunder,thunder
ti,ti
tick,tick
ticket,ticket
tie,tie
tien,tien
tight,tight
til,til
till,till
time,time
tin,tin
tini,tini
tip,tip
tire,tire
to,to
toast,toast
toda,toda
today,today
todo,todo
toe,toe
togeth,togeth
toi,toi
told,told
toll,toll
tom,tom
tomb,tomb
tomorrow,tomorrow
tone,tone
tongu,tongu
toni,toni
tonight,tonight
too,too
took,took
tool,tool
tooth,tooth
top,top
torch,torch
tore,tore
torn,torn
toss,toss
total,total
touch,touch
tough,tough
tour,tour
tout,tout
toward,toward
tower,tower
town,town
toy,toy
trace,trace
track,track
trade,trade
traffic,traffic
trail,trail
train,train
tranc,tranc
transform,transform
trap,trap
trash,trash
travel,travel
tread,tread
treasur,treasur
treat,treat
tree,tree
trembl,trembl
tres,tres
tri,tri
trial,trial
tribe,tribe
trick,trick
trigger,trigger
trip,trip
troubl,troubl
truck,truck
true,true
truli,truli
trumpet,trumpet
trunk,trunk
trust,trust
truth,truth
tryin,tryin
tryna,tryna
tu,tu
tuck,tuck
tuesday,tuesday
tun,tun
tune,tune
turn,turn
turnin,turnin
tus,tus
tv,tv
twelv,twelv
twenti,twenti
twice,twice
twin,twin
twist,twist
two,two
type,type
u,u
ugli,ugli
uh,uh
uhh,uhh
uhhuh,uhhuh
um,um
un,un
uncl,uncl
und,und
under,under
underground,underground
underneath,underneath
understand,understand
understood,understood
undon,undon
unfold,unfold
union,union
univers,univers
unknown,unknown
unless,unless
uno,uno
unspoken,unspoken
until,until
unwind,unwind
up,up
upon,upon
upset,upset
uptown,uptown
ur,ur
urg,urg
us,us
use,use
useless,useless
ust,ust
usual,usual
v,v
vacat,vacat
vain,vain
valley,valley
valu,valu
vampir,vampir
van,van
vanish,vanish
vaniti,vaniti
ve,ve
vega,vega
veil,veil
vein,vein
velvet,velvet
ver,ver
verdad,verdad
veri,veri
vers,vers
version,version
vibe,vibe
vibrat,vibrat
victim,victim
victori,victori
vida,vida
video,video
view,view
vill,vill
vine,vine
virtu,virtu
vision,vision
visit,visit
vivo,vivo
voic,voic
vom,vom
von,von
voodoo,voodoo
vow,vow
voy,voy
wage,wage
waist,waist
wait,wait
waitin,waitin
wake,wake
walk,walk
walkin,walkin
wall,wall
wander,wander
wanna,wanna
want,want
war,war
warm,warm
warmth,warmth
warn,warn
warrior,warrior
was,was
wash,wash
wast,wast
wat,wat
watch,watch
watchin,watchin
water,water
wave,wave
wax,wax
way,way
we,we
weak,weak
weapon,weapon
wear,wear
weari,weari
weather,weather
weav,weav
wed,wed
wee,wee
weed,weed
week,week
weekend,weekend
weep,weep
weh,weh
weigh,weigh
weight,weight
welcom,welcom
well,well
wenn,wenn
went,went
wer,wer
werd,werd
were,were
west,west
western,western
wet,wet
we’r,we’r
what,what
whatev,whatev
wheel,wheel
when,when
whenev,whenev
where,where
wherev,wherev
whether,whether
whi,whi
which,which
while,while
whine,whine
whip,whip
whirl,whirl
whiskey,whiskey
whisper,whisper
white,white
who,who
whoa,whoa
whole,whole
whom,whom
whoo,whoo
whose,whose
wide,wide
wie,wie
wieder,wieder
wife,wife
wild,wild
wilder,wilder
will,will
willi,willi
win,win
wind,wind
window,window
wine,wine
wing,wing
wink,wink
winner,winner
winter,winter
wipe,wipe
wird,wird
wire,wire
wisdom,wisdom
wise,wise
wish,wish
wit,wit
with,with
within,within
without,without
wo,wo
woah,woah
woke,woke
woman,woman
women,women
won,won
wonder,wonder
wonderin,wonderin
wont,wont
won’t,won’t
woo,woo
wood,wood
wooden,wooden
word,word
wore,wore
work,work
workin,workin
world,world
worri,worri
wors,wors
worship,worship
worst,worst
worth,worth
worthi,worthi
would,would
wound,wound
wow,wow
wrap,wrap
wreck,wreck
wrist,wrist
write,write
written,written
wrong,wrong
wrote,wrote
x,x
x2,x2
x3,x3
x4,x4
y,y
ya,ya
yah,yah
yall,yall
yard,yard
yea,yea
yeah,yeah
year,year
yell,yell
yellow,yellow
yer,yer
yes,yes
yesterday,yesterday
yet,yet
yo,yo
yonder,yonder
york,york
you,you
young,young
younger,younger
your,your
yourself,yourself
you’r,you’r
yuh,yuh
zero,zero
zone,zone
zu,zu
,
¿qué,¿qué
‘caus,‘caus
